<?xml version="1.0" encoding="UTF-8" standalone="yes"?>
<keyboard rows="3" cols="3" bgcolor="#FFFFFF">
	<painter method="border" fontcolor="#000000" bgcolor="#FFFFFF" 
	    bordercolor="#FF0000" bordersize="6.0f"/>
    	<scanner method="column" timeoutrounds="-1" scantime="1000" repeattime="5000"/>
	<tcp enable="1" port="4444"/>

	<rows>
		<row>
			<button bgColor="#FF00FF">
				<icon>volup.png</icon>
				<text>Vol+</text>
				<action>vol+</action>
			</button>
			<button>
				<icon>voldown.png</icon>
				<text>Vol-</text>
				<action>vol-</action>
			</button>
			<button>
				<icon>mute.png</icon>
				<text>Mute</text>
				<action>mute</action>
			</button>
		</row>
		<row>
			<button>
				<icon>chup.png</icon>
				<text>Channel Up</text>
				<action>ch++</action>
			</button>
			<button>
				<text>Switch</text>
				<icon>chdown.png</icon>
				<action>@load:default.xml</action>
			</button>
			<button>
				<icon>power.png</icon>
				<text>Exit</text>
				<action>@quit</action>
			</button>

		</row>
		<row>
			<button>
				<icon>chup.png</icon>
				<text>Channel Up</text>
				<action>ch++</action>
			</button>
			<button>
				<text>Switch</text>
				<icon>chdown.png</icon>
				<action>@load:default.xml</action>
			</button>
			<button>
				<icon>power.png</icon>
				<text>Exit</text>
				<action>@quit</action>
			</button>

		</row>

	</rows>
</keyboard>
